<?xml version='1.0' encoding='UTF-8' ?>
<timeLogEntries>
  <time id="1" path="/Tarea Integradora/PSP0/Planning" start="@1600294622064" delta="134" />
  <time id="2" path="/Tarea Integradora/PSP0/Design" start="@1600449099032" delta="120" />
  <time id="3" path="/Tarea Integradora/PSP0/Design" start="@1600473762023" delta="99" />
  <time id="4" path="/Tarea Integradora/PSP0/Code" start="@1600811853622" delta="92" />
  <time id="5" path="/Tarea Integradora/PSP0/Design" start="@1600817369457" delta="52" />
  <time id="6" path="/Tarea Integradora/PSP0/Code" start="@1601049872218" delta="121" />
  <time id="7" path="/Tarea Integradora/PSP0/Code" start="@1601219601762" delta="153" />
  <time id="8" path="/Tarea Integradora/PSP0/Test" start="@1601340366051" delta="106" />
  <time id="9" path="/Tarea Integradora/PSP0/Test" start="@1601404097548" delta="158" />
  <time id="10" path="/Tarea Integradora/PSP0/Code" start="@1601419136363" delta="169" interrupt="64" />
  <time id="11" path="/Tarea Integradora/PSP0/Code" start="@1601475099823" delta="110" />
  <time id="12" path="/Tarea Integradora/PSP0/Code" start="@1601498932567" delta="186" />
  <time id="13" path="/Tarea Integradora/PSP0/Postmortem" start="@1601511551975" delta="3" />
</timeLogEntries>
