<?xml version='1.0' encoding='UTF-8' ?>
<timeLogEntries>
  <time id="1" path="/Laboratorio 1/PSP0/Planning" start="@1600294619316" delta="134" />
  <time id="2" path="/Laboratorio 1/PSP0/Design" start="@1600449095016" delta="50" />
  <time id="3" path="/Laboratorio 1/PSP0/Design" start="@1600471981475" delta="143" />
  <time id="4" path="/Laboratorio 1/PSP0/Code" start="@1600803868630" delta="40" />
  <time id="5" path="/Laboratorio 1/PSP0/Code" start="@1600807881005" delta="71" />
  <time id="6" path="/Laboratorio 1/PSP0/Code" start="@1600812126634" delta="29" />
  <time id="7" path="/Laboratorio 1/PSP0/Design" start="@1600813874350" delta="111" />
  <time id="8" path="/Laboratorio 1/PSP0/Code" start="@1600903140823" delta="173" />
  <time id="9" path="/Laboratorio 1/PSP0/Code" start="@1601050326969" delta="117" />
  <time id="10" path="/Laboratorio 1/PSP0/Code" start="@1601154644525" delta="13" />
  <time id="11" path="/Laboratorio 1/PSP0/Design" start="@1601155521404" delta="17" />
  <time id="12" path="/Laboratorio 1/PSP0/Code" start="@1601219591080" delta="65" />
  <time id="13" path="/Laboratorio 1/PSP0/Code" start="@1601225174920" delta="59" />
  <time id="14" path="/Laboratorio 1/PSP0/Code" start="@1601340363226" delta="4" />
  <time id="15" path="/Laboratorio 1/PSP0/Test" start="@1601340633675" delta="13" />
  <time id="16" path="/Laboratorio 1/PSP0/Code" start="@1601341430702" delta="85" />
  <time id="17" path="/Laboratorio 1/PSP0/Design" start="@1601395218733" delta="2" />
  <time id="18" path="/Laboratorio 1/PSP0/Code" start="@1601395334737" delta="68" />
  <time id="19" path="/Laboratorio 1/PSP0/Design" start="@1601403674633" delta="8" />
  <time id="20" path="/Laboratorio 1/PSP0/Test" start="@1601404179733" delta="2" />
  <time id="21" path="/Laboratorio 1/PSP0/Code" start="@1601431029500" delta="42" />
  <time id="22" path="/Laboratorio 1/PSP0/Design" start="@1601433533786" delta="105" />
  <time id="23" path="/Laboratorio 1/PSP0/Code" start="@1601475210086" delta="113" />
  <time id="24" path="/Laboratorio 1/PSP0/Test" start="@1601498941860" delta="99" />
  <time id="25" path="/Laboratorio 1/PSP0/Code" start="@1601504901392" delta="86" />
  <time id="26" path="/Laboratorio 1/PSP0/Compile" start="@1601510085552" delta="20" />
</timeLogEntries>
